id,registry,is_resolved,iv_version,identification_step,is_dupe,iv_completion,iv_status,iv_interventional,has_german_umc_lead,lead_cities,facility_cities,title,center_size,main_sponsor,study_type,intervention_type,phase,enrollment,recruitment_status,masking,allocation,is_randomized,is_multicentric,is_prospective,has_summary_results,registration_date,start_date,completion_date,completion_year,primary_completion_date,primary_completion_year,summary_results_date,days_cd_to_summary,days_pcd_to_summary,days_reg_to_start,days_reg_to_cd,days_reg_to_pcd,days_cd_to_publication,days_pcd_to_publication,days_reg_to_publication,results_search_start_date,results_search_end_date,doi,pmid,url,publication_date,publication_type,has_pubmed,has_ft,ft_source,pub_title,journal_pubmed,ppub_date,epub_date,has_iv_trn_abstract,has_iv_trn_secondary_id,has_iv_trn_ft,has_reg_pub_link,pmid_link,doi_link,reference_derived,has_crossreg_clinicaltrials.gov,has_crossreg_isrctn,has_crossreg_eudract,has_crossreg_drks,has_crossreg_anzctr,has_crossreg_ntr,n_crossreg_secondary_id,n_crossreg_abstract,n_crossreg_ft,n_crossreg_reg,n_reg_pub_any,n_reg_pub_doi_or_pmid,results_followup,has_followup_2y,has_followup_5y,is_summary_results_1y,is_summary_results_2y,is_summary_results_5y,is_publication_2y,is_publication_5y,color_green_only,color,issn,journal_unpaywall,publisher,publication_date_unpaywall,syp_response,can_archive,archiving_locations,inst_repository,versions,submitted_version,accepted_version,published_version,licenses_required,permission_issuer,embargo,date_embargo_elapsed,is_embargo_elapsed,permission_accepted,permission_published,is_oa,is_archivable,is_closed_archivable,pub_history
NCT00359918,ClinicalTrials.gov,TRUE,1,Registry linked,FALSE,TRUE,TRUE,TRUE,TRUE,Leipzig,NA,Randomized Multicenter Trial of Prehospital Initiated Facilitated Percutaneous Coronary Intervention (PCI) Versus Primary PCI in ST-segment-Elevation MI (STEMI),large,Other,Interventional,Drug,Phase 4,162,Completed,None (Open Label),Randomized,TRUE,FALSE,TRUE,FALSE,2006-08-01,2006-08-01,2009-08-01,2009,2009-08-01,2009,NA,NA,NA,0,1096,1096,669,669,1765,2017-07-01,2017-12-01,10.1016/j.jcin.2011.01.013,21700245,https://www.ncbi.nlm.nih.gov/pubmed/21700245?dopt=Abstract,2011-06-01,journal publication,TRUE,TRUE,doi,Randomized comparison of pre-hospital-initiated facilitated percutaneous coronary intervention versus primary percutaneous coronary intervention in acute myocardial infarction very early after symptom onset: the LIPSIA-STEMI trial (Leipzig immediate prehospital facilitated angioplasty in ST-segment myocardial infarction),JACC. Cardiovascular interventions,2011-Jun,NA,TRUE,TRUE,FALSE,TRUE,TRUE,TRUE,TRUE,FALSE,FALSE,FALSE,FALSE,FALSE,FALSE,0,0,0,0,2,2,3044,TRUE,TRUE,NA,NA,NA,TRUE,TRUE,bronze,bronze,1936-8798,JACC: Cardiovascular Interventions,Elsevier BV,2011-06-01,response,TRUE,['institutional repository'],TRUE,"['acceptedVersion', 'submittedVersion']",TRUE,TRUE,FALSE,"[{'type': 'cc-by-nc-nd', 'terms': ''}]",journal,12,2012-06-01,TRUE,TRUE,FALSE,FALSE,TRUE,NA,"2010/12/23 [received]

2011/01/05 [accepted]"
NCT00664963,ClinicalTrials.gov,TRUE,1,Registry linked,FALSE,TRUE,TRUE,TRUE,FALSE,NA,Hamburg Tübingen,YUKON-drug-eluting Stent Below The Knee - Randomised Double-blind Study,No lead center,Other,Interventional,Device,Phase 4,130,Completed,Quadruple,Randomized,TRUE,TRUE,FALSE,FALSE,2008-04-18,2006-04-01,2010-04-01,2010,2010-03-01,2010,NA,NA,NA,-748,713,682,420,451,1133,2017-07-01,2017-12-01,10.1093/eurheartj/ehr144,21622669,https://academic.oup.com/eurheartj/article-lookup/doi/10.1093/eurheartj/ehr144,2011-05-26,journal publication,TRUE,TRUE,doi,"Sirolimus-eluting stents vs. bare-metal stents for treatment of focal lesions in infrapopliteal arteries: a double-blind, multi-centre, randomized clinical trial",European heart journal,2011-Sep,2011-05-26,FALSE,TRUE,FALSE,TRUE,TRUE,TRUE,TRUE,FALSE,FALSE,FALSE,FALSE,FALSE,FALSE,0,0,0,0,2,2,2801,TRUE,TRUE,NA,NA,NA,TRUE,TRUE,bronze,bronze,"0195-668X,1522-9645",European Heart Journal,Oxford University Press (OUP),2011-05-26,response,TRUE,['institutional repository'],TRUE,['acceptedVersion'],FALSE,TRUE,FALSE,[],journal,12,2012-09-02,TRUE,TRUE,FALSE,FALSE,TRUE,NA,NA
NCT00837603,ClinicalTrials.gov,TRUE,1,Registry linked,FALSE,TRUE,TRUE,TRUE,TRUE,Hannover,NA,Physical Training in Transposition of the Great Arteries,large,Other,Interventional,Behavioral,NA,48,Completed,Single,Randomized,TRUE,FALSE,TRUE,FALSE,2009-02-04,2009-02-01,2011-01-01,2011,2010-09-01,2010,NA,NA,NA,-3,696,574,874,996,1570,2017-07-01,2017-12-01,10.1016/j.ijcard.2013.05.030,23711443,NA,2013-05-24,journal publication,TRUE,TRUE,doi,Symmetrical dimethylarginine is superior to NT-proBNP for detecting systemic ventricular dysfunction in adults after atrial repair for transposition of the great arteries,International journal of cardiology,2013-Oct-09,2013-05-24,FALSE,TRUE,TRUE,TRUE,TRUE,TRUE,TRUE,FALSE,FALSE,FALSE,FALSE,FALSE,FALSE,0,0,0,0,2,2,2526,TRUE,TRUE,NA,NA,NA,FALSE,TRUE,closed,closed,0167-5273,International Journal of Cardiology,Elsevier BV,2013-10-01,response,TRUE,['institutional repository'],TRUE,"['acceptedVersion', 'submittedVersion']",TRUE,TRUE,FALSE,"[{'type': 'cc-by-nc-nd', 'terms': ''}]",journal,12,2014-10-01,TRUE,TRUE,FALSE,FALSE,TRUE,TRUE,"2013/04/22 [received]

2013/05/04 [accepted]"
NCT01049607,ClinicalTrials.gov,TRUE,1,Registry linked,FALSE,TRUE,TRUE,TRUE,TRUE,Heidelberg,NA,Stapler Hepatectomy for Elective Liver Resection,large,Other,Interventional,Procedure,Phase 3,130,Completed,Double,Randomized,TRUE,FALSE,TRUE,FALSE,2010-01-13,2010-01-01,2012-03-01,2012,2011-10-01,2011,NA,NA,NA,-12,778,626,702,854,1480,2017-07-01,2017-12-01,10.1002/bjs.9387,24402888,http://onlinelibrary.wiley.com/doi/10.1002/bjs.9387/abstract,2014-02-01,journal publication,TRUE,TRUE,doi,Randomized clinical trial of stapler versus clamp-crushing transection in elective liver resection,The British journal of surgery,2014-Feb,2014-01-08,TRUE,TRUE,TRUE,TRUE,TRUE,TRUE,TRUE,FALSE,FALSE,FALSE,FALSE,FALSE,FALSE,0,0,0,0,2,2,2101,TRUE,TRUE,NA,NA,NA,TRUE,TRUE,closed,closed,"0007-1323,1365-2168",British Journal of Surgery,Oxford University Press (OUP),2014-01-08,no_embargo_info,TRUE,['institutional repository'],TRUE,"['acceptedVersion', 'submittedVersion']",TRUE,TRUE,FALSE,[],publisher,NA,NA,NA,NA,NA,FALSE,NA,NA,2013/10/28 [accepted]
NCT01065337,ClinicalTrials.gov,TRUE,1,Registry linked,FALSE,TRUE,TRUE,TRUE,TRUE,Bochum,NA,Induced Wound Healing by Application of Expanded Bone Marrow Stem Cells in Diabetic Patients With Critical Limb Ischemia,small,Other,Interventional,Biological,Phase 2,30,Completed,None (Open Label),Randomized,TRUE,FALSE,FALSE,FALSE,2010-02-08,2005-08-01,2009-02-01,2009,2009-02-01,2009,NA,NA,NA,-1652,-372,-372,1090,1090,718,2017-07-01,2017-12-01,10.1111/j.1742-1241.2011.02886.x,22284892,https://www.ncbi.nlm.nih.gov/pubmed/22284892,2012-01-27,journal publication,TRUE,TRUE,doi,Autologous stem cell therapy in the treatment of limb ischaemia induced chronic tissue ulcers of diabetic foot patients,International journal of clinical practice,2012-Apr,2012-01-27,FALSE,TRUE,FALSE,TRUE,TRUE,TRUE,TRUE,FALSE,FALSE,FALSE,FALSE,FALSE,FALSE,0,0,0,0,1,1,3225,TRUE,TRUE,NA,NA,NA,FALSE,TRUE,closed,closed,1368-5031,International Journal of Clinical Practice,Wiley,2012-01-27,response,TRUE,['institutional repository'],TRUE,['acceptedVersion'],FALSE,TRUE,FALSE,"[{'type': 'other (non-commercial)', 'terms': 'https://perma.cc/6S5D-XMF4'}]",journal,12,2013-01-27,TRUE,TRUE,FALSE,FALSE,TRUE,TRUE,NA
NCT00079105,ClinicalTrials.gov,TRUE,1,Hand search,FALSE,TRUE,TRUE,TRUE,FALSE,NA,Köln,A Phase II Study VEPEMB In Patients With Hodgkin's Lymphoma Aged ≥ 60 Years,No lead center,Other,Interventional,Biological,Phase 2,175,Completed,None (Open Label),Randomized,TRUE,TRUE,FALSE,FALSE,2004-03-08,2004-01-01,2010-12-01,2010,2010-12-01,2010,NA,NA,NA,-67,2459,2459,526,526,2985,2017-07-01,2017-12-01,10.1182/blood-2011-12-396556,22577177,https://www.ncbi.nlm.nih.gov/pubmed/22577177,2012-05-10,journal publication,TRUE,TRUE,doi,Evaluation of treatment outcome in 175 patients with Hodgkin lymphoma aged 60 years or over: the SHIELD study,Blood,2012-Jun-21,2012-05-10,FALSE,FALSE,FALSE,FALSE,FALSE,FALSE,NA,FALSE,FALSE,FALSE,FALSE,FALSE,FALSE,0,0,0,0,0,0,2557,TRUE,TRUE,NA,NA,NA,TRUE,TRUE,closed,closed,"0006-4971,1528-0020",Blood,American Society of Hematology,2012-06-21,response,TRUE,['institutional repository'],TRUE,"['publishedVersion', 'acceptedVersion']",FALSE,TRUE,TRUE,[],journal,12,2013-06-21,TRUE,TRUE,TRUE,FALSE,TRUE,TRUE,NA
NCT01225380,ClinicalTrials.gov,TRUE,1,Hand search,FALSE,TRUE,TRUE,TRUE,FALSE,NA,Berlin Bonn Duisburg Frankfurt Freiburg Hannover Heidelberg Leipzig Mainz LMU_München,"A Study of Response-Guided Duration of Combination Therapy With GS-9190, GS-9256, Pegasys® and Copegus® in Previously Untreated Subjects With Genotype 1 Chronic Hepatitis C",No lead center,Industry,Interventional,Drug,Phase 2,324,Completed,Quadruple,Randomized,TRUE,TRUE,TRUE,FALSE,2010-10-18,2010-10-01,2013-09-01,2013,2013-01-01,2013,NA,NA,NA,-17,1049,806,-469,-226,580,2017-07-01,2017-12-01,10.1002/hep.27836,25847509,https://www.ncbi.nlm.nih.gov/pubmed/25847509,2012-05-20,journal publication,TRUE,TRUE,doi,Sofosbuvir plus pegylated interferon and ribavirin in patients with genotype 1 hepatitis C virus in whom previous therapy with direct-acting antivirals has failed,"Hepatology (Baltimore, Md.)",2015-Jul,2015-05-20,FALSE,FALSE,TRUE,FALSE,FALSE,FALSE,NA,FALSE,FALSE,FALSE,FALSE,FALSE,FALSE,0,0,6,0,0,0,1552,TRUE,FALSE,NA,NA,NA,TRUE,TRUE,bronze,bronze,"0270-9139,1527-3350",Hepatology,Wiley,2015-05-20,response,TRUE,['institutional repository'],TRUE,['acceptedVersion'],FALSE,TRUE,FALSE,"[{'type': 'other (non-commercial)', 'terms': 'https://perma.cc/6S5D-XMF4'}]",journal,12,2016-05-20,TRUE,TRUE,FALSE,FALSE,TRUE,NA,"2014/12/17 [received]

2015/04/03 [accepted]"
NCT01601769,ClinicalTrials.gov,TRUE,1,Hand search,FALSE,TRUE,TRUE,TRUE,TRUE,Berlin,NA,Tissue Sparing Therapy of Female Precancerous Genital Lesions With VITOM,large,Other,Interventional,Device,NA,300,Unknown status,None (Open Label),Randomized,TRUE,FALSE,FALSE,FALSE,2012-05-14,2011-04-01,2012-07-01,2012,2012-07-01,2012,NA,NA,NA,-409,48,48,544,544,592,2017-07-01,2017-12-01,10.1007/s00404-013-3134-z,24370959,https://link.springer.com/article/10.1007/s00404-013-3134-z,2013-12-27,journal publication,TRUE,TRUE,doi,A multicentric randomized study comparing two techniques of magnification assisted loop excision of high-grade cervical intraepithelial neoplasia: video exoscopy and colposcopy,Archives of gynecology and obstetrics,2014-Jun,2013-12-27,FALSE,FALSE,TRUE,FALSE,FALSE,FALSE,NA,FALSE,FALSE,FALSE,FALSE,FALSE,FALSE,0,0,0,0,0,0,1979,TRUE,TRUE,NA,NA,NA,TRUE,TRUE,closed,closed,"0932-0067,1432-0711",Archives of Gynecology and Obstetrics,Springer Science and Business Media LLC,2013-12-27,response,TRUE,['institutional repository'],TRUE,['acceptedVersion'],FALSE,TRUE,FALSE,"[{'type': 'other (non-commercial)', 'terms': 'https://perma.cc/52DS-NZFF'}]",publisher,12,2014-12-27,TRUE,TRUE,FALSE,FALSE,TRUE,TRUE,"2013/10/03 [received]

2013/12/12 [accepted]"
NCT01669382,ClinicalTrials.gov,TRUE,1,Hand search,FALSE,TRUE,TRUE,TRUE,TRUE,Erlangen,Giessen,Angio-Seal® vs. Exo-Seal® for Closure of Arterial Puncture Sites,large,Other,Interventional,Device,Phase 3,304,Completed,Single,Randomized,TRUE,TRUE,FALSE,FALSE,2012-08-09,2012-01-01,2012-09-01,2012,2012-09-01,2012,NA,NA,NA,-221,23,23,1015,1015,1038,2017-07-01,2017-12-01,10.1007/s00059-015-4306-3,26070467,NA,2015-06-13,journal publication,TRUE,TRUE,doi,"Comparison of Exo-Seal(®) and Angio-Seal (®) for arterial puncture site closure: A randomized, multicenter, single-blind trial",Herz,2015-Aug,2015-06-13,FALSE,FALSE,FALSE,FALSE,FALSE,FALSE,NA,FALSE,FALSE,FALSE,FALSE,FALSE,FALSE,0,0,0,0,0,0,1917,TRUE,TRUE,NA,NA,NA,FALSE,TRUE,closed,closed,"0340-9937,1615-6692",Herz,Springer Science and Business Media LLC,2015-06-13,response,TRUE,['institutional repository'],TRUE,['acceptedVersion'],FALSE,TRUE,FALSE,"[{'type': 'other (non-commercial)', 'terms': 'https://perma.cc/52DS-NZFF'}]",publisher,12,2016-08-01,TRUE,TRUE,FALSE,FALSE,TRUE,TRUE,"2014/12/08 [received]

2015/01/11 [accepted]

2014/12/22 [revised]"
NCT01993056,ClinicalTrials.gov,TRUE,1,Hand search,FALSE,TRUE,TRUE,TRUE,TRUE,Homburg,NA,The Influence of 11+ on Injury Incidence and FMS-Score in Veteran Soccer Players,small,Other,Interventional,Behavioral,NA,265,Completed,None (Open Label),Randomized,TRUE,FALSE,FALSE,FALSE,2013-11-19,2011-08-01,2012-06-01,2012,2012-06-01,2012,NA,NA,NA,-841,-536,-536,887,887,351,2017-07-01,2017-12-01,10.1080/02640414.2014.975736,25370591,http://www.tandfonline.com/doi/abs/10.1080/02640414.2014.975736,2014-11-05,journal publication,TRUE,TRUE,doi,"Injury prevention in male veteran football players - a randomised controlled trial using ""FIFA 11+""",Journal of sports sciences,2015,2014-11-05,FALSE,FALSE,TRUE,FALSE,FALSE,FALSE,NA,FALSE,FALSE,FALSE,FALSE,FALSE,FALSE,0,0,0,0,0,0,2009,TRUE,TRUE,NA,NA,NA,FALSE,TRUE,closed,closed,"0264-0414,1466-447X",Journal of Sports Sciences,Informa UK Limited,2014-11-05,response,TRUE,['institutional repository'],TRUE,['acceptedVersion'],FALSE,TRUE,FALSE,"[{'type': 'cc-by-nc', 'terms': ''}]",journal,12,2015-11-05,TRUE,TRUE,FALSE,FALSE,TRUE,TRUE,NA
DRKS00003269,DRKS,TRUE,1,Hand search,FALSE,TRUE,TRUE,TRUE,TRUE,Erlangen,NA,Topical cyclosporine A 0.05% in the treatment of keratoconjunctivitis sicca,large,Other,Interventional,Not given,NA,62,"Recruiting complete, follow-up complete",Single blind,Randomized controlled trial,TRUE,FALSE,FALSE,FALSE,2011-10-04,2007-01-15,2009-11-16,2009,NA,NA,NA,NA,NA,-1723,-687,NA,897,NA,210,2017-07-01,2017-12-01,10.1055/s-0031-1281862,22189827,https://www.ncbi.nlm.nih.gov/pubmed/22189827,2012-05-01,journal publication,TRUE,TRUE,doi,[Topical cyclosporine A 0.05% in the treatment of keratoconjunctivitis sicca],Klinische Monatsblatter fur Augenheilkunde,2012-May,2011-12-21,FALSE,FALSE,FALSE,FALSE,FALSE,FALSE,NA,FALSE,FALSE,FALSE,FALSE,FALSE,FALSE,0,0,0,0,0,0,2937,TRUE,TRUE,NA,NA,NA,FALSE,TRUE,closed,closed,"0023-2165,1439-3999",Klinische Monatsblätter für Augenheilkunde,Georg Thieme Verlag KG,2011-12-21,no_best_permission,NA,NA,NA,NA,NA,NA,NA,NA,NA,NA,NA,NA,NA,NA,FALSE,NA,NA,NA
NCT03860129,ClinicalTrials.gov,TRUE,2,Registry linked,FALSE,TRUE,TRUE,TRUE,TRUE,Bochum,NA,Different Volatile Anaesthetics and the Depth of Long Term ICU Sedation,small,Other,Interventional,Drug,NA,30,Completed,Single,Randomized,TRUE,TRUE,FALSE,FALSE,2018-09-24,2014-12-10,2017-05-31,2017,2017-05-05,2017,NA,NA,NA,-1384,-481,-507,868,894,387,2020-07-01,2020-09-01,10.1186/s13613-019-0594-8,31620921,https://pubmed.ncbi.nlm.nih.gov/31620921/,2019-10-16,journal publication,TRUE,TRUE,doi,"Use of MIRUS™ for MAC-driven application of isoflurane, sevoflurane, and desflurane in postoperative ICU patients: a randomized controlled trial",Annals of intensive care,2019-Oct-16,2019-10-16,TRUE,TRUE,TRUE,TRUE,TRUE,TRUE,TRUE,FALSE,FALSE,FALSE,FALSE,FALSE,FALSE,0,0,0,0,7,7,1189,TRUE,FALSE,NA,NA,NA,FALSE,TRUE,gold,gold,2110-5820,Annals of Intensive Care,Springer Science and Business Media LLC,2019-10-16,response,TRUE,['institutional repository'],TRUE,['publishedVersion'],FALSE,FALSE,TRUE,"[{'type': 'cc-by', 'terms': ''}]",journal,0,NA,TRUE,FALSE,TRUE,TRUE,TRUE,NA,"2019/05/30 [received]

2019/10/05 [accepted]"
NCT01541579,ClinicalTrials.gov,TRUE,2,Registry linked,FALSE,TRUE,TRUE,TRUE,TRUE,Frankfurt Berlin,NA,Adipose Derived Mesenchymal Stem Cells for Induction of Remission in Perianal Fistulizing Crohn's Disease,large,Industry,Interventional,Other,Phase 3,278,Completed,Double,Randomized,TRUE,TRUE,TRUE,FALSE,2012-02-21,2012-07-01,2016-11-01,2016,2015-07-01,2015,NA,NA,NA,131,1715,1226,-95,394,1620,2020-07-01,2020-09-01,10.1016/s0140-6736(16)31203-x,27477896,https://pubmed.ncbi.nlm.nih.gov/27477896/,2016-07-29,journal publication,TRUE,TRUE,doi,"Expanded allogeneic adipose-derived mesenchymal stem cells (Cx601) for complex perianal fistulas in Crohn's disease: a phase 3 randomised, double-blind controlled trial","Lancet (London, England)",2016-Sep-24,2016-07-29,TRUE,TRUE,TRUE,TRUE,TRUE,FALSE,TRUE,FALSE,FALSE,FALSE,FALSE,FALSE,FALSE,0,0,0,0,2,2,1400,TRUE,FALSE,NA,NA,NA,TRUE,TRUE,closed,closed,0140-6736,The Lancet,Elsevier BV,2016-09-01,response,TRUE,['institutional repository'],TRUE,"['acceptedVersion', 'submittedVersion']",TRUE,TRUE,FALSE,"[{'type': 'cc-by-nc-nd', 'terms': ''}]",journal,6,2017-03-01,TRUE,TRUE,FALSE,FALSE,TRUE,TRUE,NA
NCT00893373,ClinicalTrials.gov,TRUE,2,Registry linked,TRUE,TRUE,TRUE,TRUE,TRUE,Dresden,NA,Study Evaluating Sorafenib Added to Standard Primary Therapy in Patients With Newly Diagnosed Acute Myeloid Leukemia Less Than 60 Years of Age,small,Other,Interventional,Drug,Phase 2,276,Completed,Quadruple,Randomized,TRUE,TRUE,FALSE,FALSE,2009-05-04,2009-03-01,2014-09-01,2014,2011-11-01,2011,NA,NA,NA,-64,1946,911,431,1466,2377,2020-07-01,2020-09-01,10.1016/s1470-2045(15)00362-9,26549589,https://pubmed.ncbi.nlm.nih.gov/26549589/,2015-11-06,journal publication,TRUE,TRUE,doi,"Addition of sorafenib versus placebo to standard therapy in patients aged 60 years or younger with newly diagnosed acute myeloid leukaemia (SORAML): a multicentre, phase 2, randomised controlled trial",The Lancet. Oncology,2015-Dec,2015-11-06,TRUE,TRUE,TRUE,TRUE,TRUE,FALSE,TRUE,FALSE,FALSE,FALSE,FALSE,FALSE,FALSE,1,1,1,0,2,2,2192,TRUE,TRUE,NA,NA,NA,TRUE,TRUE,closed,closed,1470-2045,The Lancet Oncology,Elsevier BV,2015-12-01,response,TRUE,['institutional repository'],TRUE,"['acceptedVersion', 'submittedVersion']",TRUE,TRUE,FALSE,"[{'type': 'cc-by-nc-nd', 'terms': ''}]",journal,6,2016-05-31,TRUE,TRUE,FALSE,FALSE,TRUE,TRUE,"2015/07/20 [received]

2015/09/20 [revised]

2015/09/23 [accepted]"
NCT01236807,ClinicalTrials.gov,TRUE,2,Registry linked,FALSE,TRUE,TRUE,TRUE,TRUE,Frankfurt,NA,MR INFORM - MR Perfusion Imaging to Guide Management of Patients With Stable Coronary Artery Disease,large,Other,Interventional,Procedure,NA,915,Completed,Single,Randomized,TRUE,FALSE,TRUE,FALSE,2010-11-08,2010-12-01,2016-12-01,2016,2016-08-01,2016,NA,NA,NA,23,2215,2093,931,1053,3146,2020-07-01,2020-09-01,10.1056/nejmoa1716734,31216398,https://pubmed.ncbi.nlm.nih.gov/31216398/,2019-06-20,journal publication,TRUE,TRUE,doi,Magnetic Resonance Perfusion or Fractional Flow Reserve in Coronary Disease,The New England journal of medicine,2019-06-20,NA,TRUE,TRUE,FALSE,TRUE,TRUE,FALSE,TRUE,FALSE,FALSE,FALSE,FALSE,FALSE,FALSE,0,0,0,0,3,3,1370,TRUE,FALSE,NA,NA,NA,FALSE,TRUE,bronze,green,"0028-4793,1533-4406",New England Journal of Medicine,Massachusetts Medical Society,2019-06-20,response,TRUE,['institutional repository'],TRUE,['publishedVersion'],FALSE,FALSE,TRUE,[],journal,6,2019-12-20,TRUE,FALSE,TRUE,TRUE,TRUE,NA,NA
NCT01855035,ClinicalTrials.gov,TRUE,2,Registry linked,FALSE,TRUE,TRUE,TRUE,TRUE,Göttingen Mainz,NA,Finding Atrial Fibrillation in Stroke - Evaluation of Enhanced and Prolonged Holter Monitoring,large,Other,Interventional,Other,NA,402,Completed,None (Open Label),Randomized,TRUE,TRUE,TRUE,FALSE,2013-05-07,2013-05-01,2017-11-01,2017,2017-09-01,2017,NA,NA,NA,-6,1639,1578,-266,-205,1373,2020-07-01,2020-09-01,10.1016/s1474-4422(17)30002-9,28187920,https://pubmed.ncbi.nlm.nih.gov/28187920/,2017-02-08,journal publication,TRUE,TRUE,doi,Holter-electrocardiogram-monitoring in patients with acute ischaemic stroke (Find-AFRANDOMISED): an open-label randomised controlled trial,The Lancet. Neurology,2017-Apr,2017-02-08,TRUE,TRUE,FALSE,TRUE,TRUE,FALSE,FALSE,FALSE,FALSE,FALSE,FALSE,FALSE,FALSE,0,0,2,0,7,7,1035,TRUE,FALSE,NA,NA,NA,TRUE,TRUE,closed,closed,1474-4422,The Lancet Neurology,Elsevier BV,2017-04-01,response,TRUE,['institutional repository'],TRUE,"['acceptedVersion', 'submittedVersion']",TRUE,TRUE,FALSE,"[{'type': 'cc-by-nc-nd', 'terms': ''}]",journal,6,2017-10-01,TRUE,TRUE,FALSE,FALSE,TRUE,TRUE,"2016/08/08 [received]

2016/12/23 [revised]

2016/12/23 [accepted]"
NCT01651832,ClinicalTrials.gov,TRUE,2,Publ found in Google search (no ID),FALSE,TRUE,TRUE,TRUE,TRUE,Halle,NA,Supportive Cancer Care Networkers (SCAN),small,Other,Interventional,Behavioral,NA,261,Completed,Single,Randomized,TRUE,TRUE,TRUE,FALSE,2012-07-25,2012-07-01,2015-12-01,2015,2015-12-01,2015,NA,NA,NA,-24,1224,1224,-334,-334,890,2020-07-01,2020-09-01,10.1016/j.zefq.2014.06.012,26028456,https://zefq-journal.com/article/S1865921714001330/abstract,2015-01-01,journal publication,TRUE,TRUE,doi,[Trans-sectoral care for patients with colorectal cancer: Design of a prospective randomized controlled multi-center trial (FKZ 01GY1143)],"Zeitschrift fur Evidenz, Fortbildung und Qualitat im Gesundheitswesen",2015,2014-08-28,FALSE,FALSE,FALSE,FALSE,FALSE,FALSE,NA,FALSE,FALSE,FALSE,FALSE,FALSE,FALSE,0,0,0,0,1,1,1736,TRUE,FALSE,NA,NA,NA,TRUE,TRUE,closed,closed,1865-9217,"Zeitschrift für Evidenz, Fortbildung und Qualität im Gesundheitswesen",Elsevier BV,2015-01-01,response,TRUE,['institutional repository'],TRUE,"['acceptedVersion', 'submittedVersion']",TRUE,TRUE,FALSE,"[{'type': 'cc-by-nc-nd', 'terms': ''}]",journal,12,2016-01-01,TRUE,TRUE,FALSE,FALSE,TRUE,TRUE,"2013/07/23 [received]

2014/05/01 [revised]

2014/06/06 [accepted]"
NCT00111345,ClinicalTrials.gov,TRUE,2,Registry linked,TRUE,TRUE,TRUE,TRUE,TRUE,Hannover Münster,NA,Therapy-Optimization Trial for the Treatment of Acute Myeloid Leukemias (AML) in Children and Adolescents,large,Other,Interventional,Drug,Phase 2/Phase 3,550,Unknown status,None (Open Label),Randomized,TRUE,FALSE,FALSE,FALSE,2005-05-19,2004-03-01,2017-03-01,2017,2012-03-01,2012,NA,NA,NA,-444,4304,2478,-1378,448,2926,2020-07-01,2020-09-01,10.1182/blood-2013-02-484097,23704089,https://pubmed.ncbi.nlm.nih.gov/23704089/,2013-05-23,journal publication,TRUE,TRUE,doi,Randomized trial comparing liposomal daunorubicin with idarubicin as induction for pediatric acute myeloid leukemia: results from Study AML-BFM 2004,Blood,2013-Jul-04,2013-05-23,TRUE,TRUE,FALSE,TRUE,TRUE,TRUE,TRUE,TRUE,FALSE,FALSE,FALSE,FALSE,FALSE,0,0,0,1,6,6,1280,TRUE,FALSE,NA,NA,NA,TRUE,TRUE,closed,closed,"0006-4971,1528-0020",Blood,American Society of Hematology,2013-07-04,response,TRUE,['institutional repository'],TRUE,"['publishedVersion', 'acceptedVersion']",FALSE,TRUE,TRUE,[],journal,12,2014-07-04,TRUE,TRUE,TRUE,FALSE,TRUE,TRUE,NA
NCT01486329,ClinicalTrials.gov,TRUE,2,Publ found in Google search (no ID),FALSE,TRUE,TRUE,TRUE,TRUE,Heidelberg,NA,"VXM01 Phase I Dose Escalation Study in Patients With Locally Advanced, Inoperable and Stage IV Pancreatic Cancer",large,Industry,Interventional,Biological,Phase 1,72,Completed,Quadruple,Randomized,TRUE,FALSE,TRUE,FALSE,2011-12-02,2011-12-01,2014-12-01,2014,2014-10-01,2014,NA,NA,NA,-1,1095,1034,147,208,1242,2020-07-01,2020-09-01,10.1080/2162402x.2014.1001217,26137397,https://pubmed.ncbi.nlm.nih.gov/26137397/,2015-04-27,journal publication,TRUE,TRUE,doi,"Anti-angiogenic activity of VXM01, an oral T-cell vaccine against VEGF receptor 2, in patients with advanced pancreatic cancer: A randomized, placebo-controlled, phase 1 trial",Oncoimmunology,2015-Apr,2015-03-16,FALSE,FALSE,TRUE,FALSE,FALSE,FALSE,NA,FALSE,FALSE,FALSE,FALSE,FALSE,FALSE,0,0,0,0,2,2,2101,TRUE,TRUE,NA,NA,NA,TRUE,TRUE,gold,gold,2162-402X,OncoImmunology,Informa UK Limited,2015-03-16,response,TRUE,['institutional repository'],TRUE,['publishedVersion'],FALSE,FALSE,TRUE,"[{'type': 'cc-by', 'terms': ''}]",journal,0,NA,TRUE,FALSE,TRUE,TRUE,TRUE,NA,"2014/10/21 [received]

2014/12/17 [revised]

2014/12/17 [accepted]"
NCT02307396,ClinicalTrials.gov,TRUE,2,Publ found in Google ID search,FALSE,TRUE,TRUE,TRUE,TRUE,TU_München,NA,Evaluation of the Necessity of Long-term Pharmacological Treatment With Antipsychotics in Schizophrenic Patients,large,Other,Interventional,Drug,Phase 4,21,Completed,Single,Randomized,TRUE,FALSE,TRUE,FALSE,2014-11-24,2015-02-01,2016-06-22,2016,2016-06-22,2016,NA,NA,NA,69,576,576,1333,1333,1909,2020-07-01,2020-09-01,10.1007/s00406-020-01109-y,32062728,NA,2020-02-15,journal publication,TRUE,TRUE,doi,Reducing antipsychotic drugs in stable patients with chronic schizophrenia or schizoaffective disorder: a randomized controlled pilot trial,European archives of psychiatry and clinical neuroscience,2021-Mar,2020-02-15,TRUE,FALSE,TRUE,FALSE,FALSE,FALSE,NA,FALSE,FALSE,TRUE,TRUE,FALSE,FALSE,0,0,0,2,0,0,1532,TRUE,FALSE,NA,NA,NA,FALSE,TRUE,hybrid,hybrid,"0940-1334,1433-8491",European Archives of Psychiatry and Clinical Neuroscience,Springer Science and Business Media LLC,2020-02-15,no_embargo_info,TRUE,['institutional repository'],TRUE,"['submittedVersion', 'acceptedVersion', 'publishedVersion']",TRUE,TRUE,TRUE,"[{'type': 'cc-by', 'terms': ''}]",article,NA,NA,NA,NA,NA,TRUE,NA,NA,"2019/10/23 [received]

2020/02/03 [accepted]"
NCT01516827,ClinicalTrials.gov,TRUE,2,Registry linked,FALSE,TRUE,TRUE,TRUE,TRUE,Ulm,NA,Effectiveness of Trauma-Focused Cognitive-Behavioral Therapy (TF-CBT) for Children With Post-traumatic Stress Disorder (TreatChildTrauma),large,Other,Interventional,Behavioral,NA,159,Completed,Single,Randomized,TRUE,TRUE,TRUE,FALSE,2011-12-13,2012-02-01,2016-06-01,2016,2016-06-01,2016,NA,NA,NA,50,1632,1632,119,119,1751,2020-07-01,2020-09-01,10.1111/jcpp.12640,27677771,https://acamh.onlinelibrary.wiley.com/doi/full/10.1111/jcpp.12640,2016-09-28,journal publication,TRUE,TRUE,doi,Complex PTSD as proposed for ICD-11: validation of a new disorder in children and adolescents and their response to Trauma-Focused Cognitive Behavioral Therapy,"Journal of child psychology and psychiatry, and allied disciplines",2017-02,2016-09-28,FALSE,TRUE,TRUE,TRUE,TRUE,TRUE,TRUE,FALSE,FALSE,FALSE,FALSE,FALSE,FALSE,0,0,0,0,5,5,1553,TRUE,FALSE,NA,NA,NA,TRUE,TRUE,closed,closed,0021-9630,Journal of Child Psychology and Psychiatry,Wiley,2016-09-28,response,TRUE,['institutional repository'],TRUE,['acceptedVersion'],FALSE,TRUE,FALSE,"[{'type': 'other (non-commercial)', 'terms': 'https://perma.cc/6S5D-XMF4'}]",journal,12,2018-02-01,TRUE,TRUE,FALSE,FALSE,TRUE,TRUE,2016/08/01 [accepted]
DRKS00005408,DRKS,TRUE,2,Publ found in Google ID search,FALSE,TRUE,TRUE,TRUE,TRUE,Göttingen,NA,Non invasive mechanical ventilation with neurally adjusted ventilatory assist compared to conventional pressure support ventilation in patients that require non invasive ventilation,small,Other,Interventional,Not given,NA,26,"Recruiting complete, follow-up complete",Open (masking not used),Randomized controlled trial,TRUE,FALSE,FALSE,FALSE,2013-10-30,2012-04-15,2016-03-31,2016,NA,NA,NA,NA,NA,-563,883,NA,1544,NA,2427,2020-07-01,2020-09-01,10.1155/2020/4705042,32655950,https://pubmed.ncbi.nlm.nih.gov/32655950/,2020-06-22,journal publication,TRUE,TRUE,doi,Noninvasive Neurally Adjusted Ventilator Assist Ventilation in the Postoperative Period Produces Better Patient-Ventilator Synchrony but Not Comfort,Pulmonary medicine,2020,2020-06-20,TRUE,FALSE,TRUE,FALSE,FALSE,FALSE,NA,FALSE,FALSE,FALSE,FALSE,FALSE,FALSE,0,0,0,0,0,0,1615,TRUE,FALSE,NA,NA,NA,FALSE,TRUE,gold,gold,"2090-1836,2090-1844",Pulmonary Medicine,Hindawi Limited,2020-06-22,response,TRUE,['institutional repository'],TRUE,['publishedVersion'],FALSE,FALSE,TRUE,"[{'type': 'cc-by', 'terms': ''}]",journal,0,NA,TRUE,FALSE,TRUE,TRUE,TRUE,NA,"2020/02/18 [received]

2020/04/26 [revised]

2020/05/21 [accepted]"
DRKS00010523,DRKS,TRUE,2,Publ found in Google search (no ID),FALSE,TRUE,TRUE,TRUE,TRUE,Hamburg,NA,The Turnout in Classical Dance – Is it possible to enhance the external rotation of the lower limb by a myofascial manipulation?,large,Other,Interventional,Not given,NA,20,"Recruiting complete, follow-up complete",Blinded,Randomized controlled trial,TRUE,FALSE,FALSE,FALSE,2016-05-13,2014-04-04,2014-07-10,2014,NA,NA,NA,NA,NA,-770,-673,NA,1254,NA,581,2020-07-01,2020-09-01,10.12678/1089-313x.21.4.168,29166987,https://pubmed.ncbi.nlm.nih.gov/29166987/,2017-12-15,journal publication,TRUE,TRUE,doi,Turnout in Classical Dance: Is It Possible to Enhance the External Rotation of the Lower Limb by a Myofascial Manipulation? A Pilot Study,Journal of dance medicine & science : official publication of the International Association for Dance Medicine & Science,2017-Dec-15,NA,FALSE,FALSE,TRUE,FALSE,FALSE,FALSE,NA,FALSE,FALSE,FALSE,FALSE,FALSE,FALSE,0,0,0,0,0,0,2245,TRUE,TRUE,NA,NA,NA,FALSE,TRUE,closed,closed,1089-313X,Journal of Dance Medicine & Science,J. Michael Ryan Publishing,2017-12-15,no_best_permission,NA,NA,NA,NA,NA,NA,NA,NA,NA,NA,NA,NA,NA,NA,FALSE,NA,NA,NA
DRKS00011665,DRKS,TRUE,2,Publ found in Google ID search,FALSE,TRUE,TRUE,TRUE,TRUE,LMU_München,NA,"Parameter-based evaluation of attentional impairments in schizophrenia and their modulation by prefrontal transcranial direct current stimulation: a randomized, double-blind, sham-controlled study",large,Other,Interventional,Not given,NA,20,"Recruiting complete, follow-up complete",Blinded,Randomized controlled trial,TRUE,FALSE,FALSE,FALSE,2017-01-30,2015-05-01,2016-10-31,2016,NA,NA,NA,NA,NA,-640,-91,NA,394,NA,303,2020-07-01,2020-09-01,10.3389/fpsyt.2017.00259,29238310,NA,2017-11-29,journal publication,TRUE,TRUE,doi,Parameter-Based Evaluation of Attentional Impairments in Schizophrenia and Their Modulation by Prefrontal Transcranial Direct Current Stimulation,Frontiers in psychiatry,2017,2017-11-29,TRUE,FALSE,TRUE,FALSE,FALSE,FALSE,NA,FALSE,FALSE,FALSE,FALSE,FALSE,FALSE,0,0,0,0,0,0,1401,TRUE,FALSE,NA,NA,NA,TRUE,TRUE,gold,gold,1664-0640,Frontiers in Psychiatry,Frontiers Media SA,2017-11-29,response,TRUE,['institutional repository'],TRUE,['publishedVersion'],FALSE,FALSE,TRUE,"[{'type': 'cc-by', 'terms': ''}]",journal,0,NA,TRUE,FALSE,TRUE,TRUE,TRUE,NA,"2017/10/11 [received]

2017/11/14 [accepted]"
DRKS00005594,DRKS,TRUE,2,Registry linked,FALSE,TRUE,TRUE,TRUE,TRUE,Münster,NA,"Aprepitant in histamine-refractory chronic pruritus: a multicenter, randomized, double-blind, placebo-controlled, cross-over, phase II trial (APREPRU)",small,Other,Interventional,Not given,II,58,"Recruiting complete, follow-up complete",Blinded,Randomized controlled trial,TRUE,TRUE,TRUE,FALSE,2014-01-16,2014-06-30,2016-01-04,2016,NA,NA,NA,NA,NA,165,718,NA,1109,NA,1827,2020-07-01,2020-09-01,10.2340/00015555-3120,NA,https://www.medicaljournals.se/acta/content/abstract/10.2340/00015555-3120,2019-01-17,journal publication,NA,NA,doi,NA,NA,NA,NA,NA,NA,NA,TRUE,NA,TRUE,FALSE,FALSE,FALSE,TRUE,FALSE,FALSE,FALSE,NA,NA,NA,1,1,1,1702,TRUE,FALSE,NA,NA,NA,FALSE,TRUE,gold,gold,0001-5555,Acta Dermato Venereologica,Acta Dermato-Venereologica,2019-01-01,response,TRUE,['institutional repository'],TRUE,['publishedVersion'],FALSE,FALSE,TRUE,"[{'type': 'cc-by-nc', 'terms': ''}]",journal,0,NA,TRUE,FALSE,TRUE,TRUE,TRUE,NA,NA
